,Name,Age,Driver_ID,Gender,Driver_signup_date
0,John,30,D66365,Male,2014-10-17
1,Michael,40,D13828,Male,2014-10-15
2,Robert,52,D98272,Male,2014-10-15
3,James,35,D63151,Male,2014-10-15
4,William,45,D22724,Male,2014-10-15
5,David,28,D78629,Male,2014-10-15
6,Richard,32,D30700,Male,2014-10-15
7,Charles,50,D10560,Male,2014-10-15
8,Joseph,42,D36024,Male,2014-10-15
9,Thomas,38,D49646,Male,2014-10-15
10,Christopher,27,D78317,Male,2014-10-15
11,Daniel,46,D26625,Male,2014-10-15
12,Paul,55,D69622,Male,2014-10-15
13,Mark,33,D63200,Male,2014-10-15
14,Donald,60,D38776,Male,2014-10-16
15,George,39,D54605,Male,2014-10-15
16,Kenneth,48,D53927,Male,2014-10-15
17,Steven,30,D14637,Male,2014-10-15
18,Edward,58,D26336,Male,2014-10-15
19,Brian,29,D64210,Male,2014-10-15
20,Ronald,56,D12502,Male,2014-10-15
21,Anthony,43,D79566,Male,2014-10-16
22,Kevin,36,D79708,Male,2014-10-16
23,Jason,47,D22175,Male,2014-10-15
24,Matthew,31,D63647,Male,2014-10-16
25,Gary,54,D50362,Male,2014-10-15
26,Timothy,34,D12789,Male,2014-10-16
27,Jose,44,D56919,Male,2014-10-15
28,Larry,51,D11048,Male,2014-10-16
29,Jeffrey,37,D16930,Male,2014-10-16
30,Frank,59,D89828,Male,2014-10-15
31,Scott,41,D18920,Male,2014-10-15
32,Eric,26,D30656,Male,2014-10-15
33,Stephen,53,D63219,Male,2014-10-15
34,Andrew,35,D11542,Male,2014-10-15
35,Raymond,49,D34300,Male,2014-10-19
36,Gregory,30,D14326,Male,2014-10-15
37,Joshua,45,D99787,Male,2014-10-17
38,Jerry,57,D43171,Male,2014-10-15
39,Dennis,33,D57089,Male,2014-10-15
40,Walter,52,D36668,Male,2014-10-15
41,Patrick,27,D48465,Male,2014-10-15
42,Peter,40,D44453,Male,2014-10-15
43,Harold,56,D65865,Male,2014-10-15
44,Douglas,38,D27764,Male,2014-10-15
45,Emily,31,D61908,Female,2014-10-15
46,Jessica,30,D55311,Female,2014-10-15
47,Olivia,33,D83241,Female,2014-10-16
48,Sophia,32,D76086,Female,2014-10-15
49,Ava,34,D14244,Female,2014-10-15
